insert into 
  SettingKey (id, name)
values 
  (1, 'system.environment'),
  (2, 'authentication.enabledStrategies');
  
insert into 
  Setting (id, settingKey, value)
values 
  (1, 1, 'it'),
  (2, 2, 'TestAuth');

insert into
  Organization (id, name, archived)
values
  (1, 'Common Test Organization', false);
  
insert into 
  ContactType (id, name, version, nonUnique, archived)
values 
  (1, 'Home', 1, false, false);

insert into
  Plugin (id, artifactId, enabled, groupId, version)
values
  (1, 'testauth-plugin', true, 'fi.otavanopisto.pyramus', '0.7.50-SNAPSHOT');
  
insert into 
  GradingScale (id, archived, name, description, version)
values  
  (1, false, 'test scale #1', 'grading scale for testing #1', 1),
  (2, false, 'test scale #2', 'grading scale for testing #2', 1);

insert into 
  Grade (id, GPA, archived, name, description, passingGrade, qualification, gradingScale, indexColumn, version)
values  
  (1, 10, false, 'test grade #1', 'grade for testing #1', false, 'qualification #1', 1, 1, 1),
  (2, 20, false, 'test grade #2', 'grade for testing #2', true, 'qualification #2', 1, 2, 1);
  
insert into 
  ContactInfo (id, additionalInfo, version)
values   
  (1, 'For test school #1', 1),
  (2, 'For test school #2', 1),
  (3, 'For test student #3', 1),
  (4, 'For test student #4', 1),
  (5, 'Test Guest #1', 1),
  (6, 'Test Guest #2', 1),
  (7, 'Test User  #1', 1),
  (8, 'Test Manager #1', 1),
  (9, 'Test Administrator #1', 1),
  (10, 'Test Student #1', 1),
  (11, 'Trusted System', 1),
  (12, 'Study Guider', 1),
  (13, 'Teacher', 1),
  (14, 'Study Programme Leader', 1),
  (15, 'Test Student #2', 1),
  (16, 'Closed', 1);
  
insert into 
  Email (id, address, defaultAddress, contactInfo, contactType, indexColumn, version)
values 
  (1, 'school1@bogusmail.com', true, 1, 1, 0, 1),
  (2, 'school2@bogusmail.com', true, 2, 1, 0, 1),
  (3, 'student1@bogusmail.com', true, 3, 1, 0, 1),
  (4, 'student2@bogusmail.com', true, 4, 1, 0, 1),
  (5, 'guest1@bogusmail.com', true, 5, 1, 0, 1),
  (6, 'guest2@bogusmail.com', true, 6, 1, 0, 1),
  (7, 'user1@bogusmail.com', true, 7, 1, 0, 1),
  (8, 'manager1@bogusmail.com', true, 8, 1, 0, 1),
  (9, 'administrator1@bogusmail.com', true, 9, 1, 0, 1),
  (10, 'student1@bogusmail.com', true, 10, 1, 0, 1),
  (11, 'trusted@bogusmail.com', true, 11, 1, 0, 1),
  (12, 'guider@bogusmail.com', true, 12, 1, 0, 1),
  (13, 'teacher@bogusmail.com', true, 13, 1, 0, 1),
  (14, 'stuproleader@bogusmail.com', true, 14, 1, 0, 1);

insert into 
  Person (id, version, birthday, sex, socialSecurityNumber, basicInfo, secureInfo)
values 
  (1, 1, PARSEDATETIME('1 1 1980', 'd M yyyy'), 'FEMALE', '123411-7890', 'Test staff #1', false),
  (2, 1, PARSEDATETIME('1 1 1970', 'd M yyyy'), 'MALE', '012345535-8901', 'Test staff #2', false),
  (3, 1, PARSEDATETIME('1 1 1990', 'd M yyyy'), 'FEMALE', '123456-7890', 'Test student #1', false),
  (4, 1, PARSEDATETIME('1 1 1990', 'd M yyyy'), 'MALE', '01234567-8901', 'Test student #2', false),
  (5, 1, PARSEDATETIME('1 1 1980', 'd M yyyy'), 'FEMALE', '121213-7890', 'Test User #1', false),
  (6, 1, PARSEDATETIME('1 1 1970', 'd M yyyy'), 'MALE', '131214-8901', 'Test Manager #1', false),
  (7, 1, PARSEDATETIME('1 1 1980', 'd M yyyy'), 'FEMALE', '121216-7891', 'Test administrator #1', false),
  (8, 1, PARSEDATETIME('1 1 1980', 'd M yyyy'), 'FEMALE', '121217-7892', 'Test Student #1', false),
  (9, 1, PARSEDATETIME('1 1 1980', 'd M yyyy'), 'FEMALE', '000000-0000', 'Trusted System', false),
  (10, 1, PARSEDATETIME('1 1 1980', 'd M yyyy'), 'FEMALE', '000100-0000', 'Study Guider', false),
  (11, 1, PARSEDATETIME('1 1 1980', 'd M yyyy'), 'FEMALE', '000010-0000', 'Teacher', false),
  (12, 1, PARSEDATETIME('1 1 1981', 'd M yyyy'), 'FEMALE', '000100-0000', 'SPLeader', false),
  (13, 1, PARSEDATETIME('1 1 1981', 'd M yyyy'), 'FEMALE', '000100-0000', 'Test Student #2', false),
  (14, 1, PARSEDATETIME('1 1 1956', 'd M yyyy'), 'MALE', '010100-2000', 'Closed', false);
  
insert into
  User (id, person_id, firstName, lastName, contactInfo, version, archived)
values 
  (1, 1, 'Test Guest', 'User #1', 5, 1, false),
  (2, 2, 'Test Guest', 'User #2', 6, 1, false),
  (3, 3, 'Tanya', 'Test #1', 3, 1, false),
  (4, 4, 'David', 'Test #2', 4, 1, false),
  (5, 5, 'Test User', 'User #3', 7, 1, false),
  (6, 6, 'Test Manager', 'User #4', 8, 1, false),
  (7, 7, 'Test Administrator', 'User #5', 9, 1, false),
  (8, 8, 'Test Student', 'User #4', 10, 1, false),
  (9, 9, 'Trusted System', 'Trusted system user', 11, 1, false),
  (10, 10, 'Study Guider', 'Study Guider user', 12, 1, false),
  (11, 11, 'Teacher', 'Teacher user', 13, 1, false),
  (12, 12, 'SPLeader', 'SPLeader user', 14, 1, false),
  (13, 13, 'Test Student2', 'User #4', 15, 1, false),
  (14, 14, 'Test Closed', 'User #14', 16, 1, false);

update Person p
set p.defaultUser_id = p.id;
  
insert into
  StaffMember (id, organization, role, title)
values 
  (1, 1, 'GUEST', null),
  (2, 1, 'GUEST', null),
  (5, 1, 'USER', null),
  (6, 1, 'MANAGER', null),
  (7, 1, 'ADMINISTRATOR', null),
  (9, 1, 'TRUSTED_SYSTEM', null),
  (10, 1, 'STUDY_GUIDER', null),
  (11, 1, 'TEACHER', null),
  (12, 1, 'STUDY_PROGRAMME_LEADER', null),
  (14, 1, 'CLOSED', null);
  
insert into 
  AcademicTerm (id, name, startDate, endDate, archived, version)
values 
  (1, 'fall', PARSEDATETIME('1 8 2014', 'd M yyyy'), PARSEDATETIME('23 12 2014', 'd M yyyy'), false, 0),
  (2, 'spring', PARSEDATETIME('4 1 2015', 'd M yyyy'), PARSEDATETIME('30 5 2015', 'd M yyyy'), false, 0);
  
insert into
  EducationType (id, archived, code, name, version)
values
  (1, false, 'TEST', 'Test Education Type', 1),
  (2, false, 'TST2', 'Test EduType 2', 1);
  
insert into
  EducationSubtype (id, archived, code, name, educationType, version)
values
  (1, false, 'TST1', 'Test Subtype #1', 1, 1),
  (2, false, 'TST2', 'Test Subtype #2', 1, 1),
  (3, false, 'TST3', 'Test Subtype #3', 2, 1),
  (4, false, 'TST4', 'Test Subtype #4', 2, 1);
  
insert into 
  Subject (id, archived, code, name, version, educationType)
values 
  (1, false, 'TEST', 'Test Subject', 1, 1),
  (2, false, 'TST2', 'Test Subject #2', 1, 2),
  (3, false, 'TST3', 'Test Subject #3', 1, 2);
  
insert into
  CourseState (id, archived, name, version)
values 
  (1, false, 'Planning', 1),
  (2, false, 'In Progress', 1),
  (3, false, 'Ended', 1);
  
insert into
  CourseType (id, archived, name, version)
values 
  (1, false, 'Non-stop', 1),
  (2, false, 'Group Work', 1);
  
insert into
  CourseEnrolmentType (id, name, version)
values 
  (1, 'Manual', 1),
  (2, 'LE', 1);
   
insert into
  CourseParticipationType (id, name, version, indexColumn, archived)
values 
  (1, 'Canceled', 1, 0, false),
  (2, 'Passed', 1, 1, false);
 
insert into 
  EducationalTimeUnit (id, archived, baseUnits, name, symbol, version)
values 
  (1, false, 1, 'Hour', 'h', 1),
  (2, false, 168, 'Week', 'w', 1);

insert into
  EducationalLength (id, units, unit, version)
values 
  (1, 1, 1, 1),
  (2, 123, 1, 1),
  (3, 234, 1, 1),
  (4, 345, 1, 1),
  (5, 456, 1, 1),
  (6, 567, 1, 1),
  (7, 678, 1, 1),
  (8, 910, 1, 1);
  
insert into
  CourseDescriptionCategory (id, name, archived)
values
  (1, 'Basic', false),
  (2, 'Special', false);
  
insert into 
  CourseBase (id, name, archived, courseNumber, created, lastModified, description, courseLength, creator, lastModifier, subject, version, maxParticipantCount)
values
  (1, 'Test Module #1', false, 1, PARSEDATETIME('1 1 2010', 'd M yyyy'), PARSEDATETIME('1 1 2010', 'd M yyyy'), 'Module #1 for testing', 1, 1, 1, 1, 1, 100);

insert into
  Module (id)
values 
  (1);
  
insert into 
  ComponentBase (id, name, description, length, archived, version) 
values 
  (1, 'Test Module #1 component #1', 'Module component for testing', 1, false, 1),
  (2, 'Test Module #1 component #2', 'Module component for testing', 2, false, 1);
  
insert into 
  ModuleComponent (id, module, indexColumn)
values 
  (1, 1, 0),
  (2, 1, 1);

insert into 
  CourseBase (id, name, archived, courseNumber, created, lastModified, description, courseLength, creator, lastModifier, subject, version, maxParticipantCount)
values
  (1000, 'Test Course #1', false, 1, PARSEDATETIME('1 1 2010', 'd M yyyy'), PARSEDATETIME('1 1 2010', 'd M yyyy'), 'Course #1 for testing', 1, 1, 1, 1, 1, 100),
  (1001, 'Test Course #2', false, 2, PARSEDATETIME('1 1 2011', 'd M yyyy'), PARSEDATETIME('1 1 2011', 'd M yyyy'), 'Course #2 for testing', 1, 1, 1, 1, 1, 200);
  
insert into 
  Course (id, beginDate, endDate, localTeachingDays, nameExtension, module, state, teachingHours, distanceTeachingDays, planningHours, assessingHours, enrolmentTimeEnd)
values 
  (1000, PARSEDATETIME('2 2 2010', 'd M yyyy'), PARSEDATETIME('3 3 2010', 'd M yyyy'), 10, 'Ext', 1, 1, 40, 30, 20, 10, PARSEDATETIME('1 1 2010', 'd M yyyy')),
  (1001, PARSEDATETIME('2 2 2011', 'd M yyyy'), PARSEDATETIME('3 3 2011', 'd M yyyy'), 20, 'ABC', 1, 2, 15, 17, 20, 10, PARSEDATETIME('1 1 2011', 'd M yyyy'));
  
insert into
  CourseEducationType (id, courseBase, educationType, version)
values
  (1000, 1001, 1, 1);

insert into
  CourseEducationSubtype (id, courseEducationType, educationSubtype, version)
values
  (1000, 1000, 1, 1);

insert into 
  ComponentBase (id, name, description, length, archived, version) 
values 
  (1000, 'Test Course #1 component #1', 'Course component for testing', 3, false, 1),
  (1001, 'Test Course #1 component #2', 'Course component for testing', 4, false, 1),
  (1002, 'Test Course #2 component #1', 'Course component for testing', 5, false, 1),
  (1003, 'Test Course #2 component #2', 'Course component for testing', 6, false, 1);
  
insert into 
  CourseComponent (id, course, indexColumn)
values 
  (1000, 1000, 0),
  (1001, 1000, 1),
  (1002, 1001, 0),
  (1003, 1001, 1);
  
insert into 
  Project (id, name, description, optionalStudies, creator, created, lastModified, lastModifier, archived, version)
values 
  (1, 'Test Project #1', 'Project for testing', 7, 1, PARSEDATETIME('6 6 2010', 'd M yyyy'), PARSEDATETIME('6 6 2010', 'd M yyyy'), 1, false, 1),
  (2, 'Test Project #2', 'Project for testing', 8, 1, PARSEDATETIME('6 6 2011', 'd M yyyy'), PARSEDATETIME('6 6 2011', 'd M yyyy'), 1, false, 1);
  
insert into 
  ProjectModule (id, optionality, module, project, indexColumn, version)
values 
  (1, 'OPTIONAL', 1, 1, 0, 1),
  (2, 'OPTIONAL', 1, 2, 0, 1);
 
insert into 
  SchoolField (id, name, archived)
values 
  (1, 'Field #1', false),
  (2, 'Field #2', false);
  
insert into 
  Address (id, city, country, postalCode, streetAddress, name, contactInfo, contactType, indexColumn, defaultAddress, version)
values 
  (1, 'Eastbury', 'Senegal', '76763-3962', '2636 Johnston Harbors', null, 1, 1, 0, true, 1),
  (2, 'Zambia', 'Portborough', '02531-1064', '430 Vesta Inlet', null, 2, 1, 0, true, 1),
  (3, 'Southshire', 'Yemen', '17298', '6967 Bailee Mission', null, 3, 1, 0, true, 1),
  (4, 'Northchester', 'Cuba', '97733', '556 Lupe Mountains', null, 4, 1, 0, true, 1),
  (5, 'Shire', 'New-Zealand', '17298', '123 Mission', null, 7, 1, 0, true, 1),
  (6, 'Chester', 'Belgium', '1111', '456 Mountains', null, 8, 1, 0, true, 1),
  (7, 'Ushire', 'China', '17298', '123 Missions', null, 9, 1, 0, true, 1),
  (8, 'Kishter', 'Brazil', '1111', '456 Tains', null, 10, 1, 0, true, 1);
  
insert into 
  PhoneNumber (id, number, defaultNumber, contactInfo, contactType, indexColumn, version)
values 
  (1, '+123 45 678 9012', true, 1, 1, 0, 1),
  (2, '+234 56 789 0123', true, 2, 1, 0, 1),
  (3, '+456 78 901 2345', true, 3, 1, 0, 1),
  (4, '+567 89 012 3456', true, 4, 1, 0, 1),
  (5, '+456 78 901 2347', true, 7, 1, 0, 1),
  (6, '+567 89 012 3458', true, 8, 1, 0, 1),
  (7, '+56 78 901 2347', true, 9, 1, 0, 1),
  (8, '+67 89 012 3458', true, 10, 1, 0, 1);
  
insert into
  ContactURLType (id, name, version, archived)
values 
  (1, 'WWW', 1, false);
    
insert into 
  ContactURL (id, url, contactInfo, contactURLType, indexColumn, version)
values 
  (1, 'http://www.school1webpage.com', 1, 1, 0, 1),
  (2, 'http://www.school2webpage.com', 2, 1, 0, 1),
  (3, 'http://www.student1webpage.com', 3, 1, 0, 1),
  (4, 'http://www.student2webpage.com', 4, 1, 0, 1);
  
insert into 
  School (id, name, code, contactInfo, version, field, archived)
values 
  (1, 'School #1', 'TST1', 1, 1, 1, false),
  (2, 'School #2', 'TST2', 2, 1, 1, false);
  
insert into 
  SchoolVariableKey (id, userEditable, variableKey, variableName, variableType, version)
values 
  (1, false, 'TV1', 'Test Variable #1 - text', 'TEXT', 1),
  (2, false, 'TV2', 'Test Variable #2 - number', 'NUMBER', 1),
  (3, false, 'TV3', 'Test Variable #3 - boolean', 'BOOLEAN', 1);
  
insert into 
  SchoolVariable (id, value, school, variableKey, version, archived)
values 
  (1, 'test', 1, 1, 1, false);
  
insert into 
  UserVariableKey (id, userEditable, variableKey, variableName, variableType, version)
values 
  (1, false, 'TV1', 'Test Variable #1 - text', 'TEXT', 1),
  (2, false, 'TV2', 'Test Variable #2 - number', 'NUMBER', 1),
  (3, false, 'TV3', 'Test Variable #3 - boolean', 'BOOLEAN', 1);
  
insert into 
  CourseBaseVariableKey (id, userEditable, variableKey, variableName, variableType, version)
values 
  (1, false, 'TV1', 'Test Variable #1 - text', 'TEXT', 1),
  (2, false, 'TV2', 'Test Variable #2 - number', 'NUMBER', 1),
  (3, false, 'TV3', 'Test Variable #3 - boolean', 'BOOLEAN', 1);

insert into 
  Language (id, code, name, version, archived)
values 
  (1, 'TST1', 'Language #1', 1, false),
  (2, 'TST2', 'Language #2', 1, false);  

insert into 
  Curriculum (id, name, archived)
values 
  (1, 'Curriculum #1', false),
  (2, 'Curriculum #2', false);  

insert into 
  Municipality (id, code, name, version, archived)
values 
  (1, 'TST1', 'Municipality #1', 1, false),
  (2, 'TST2', 'Municipality #2', 1, false);  

insert into 
  Nationality (id, code, name, version, archived)
values 
  (1, 'TST1', 'Nationality #1', 1, false),
  (2, 'TST2', 'Nationality #2', 1, false);  

insert into 
  StudentEducationalLevel (id, name, version, archived)
values 
  (1, 'StudentEducationalLevel #1', 1, false),
  (2, 'StudentEducationalLevel #2', 1, false);   

insert into 
  StudentExaminationType (id, name, version, archived)
values 
  (1, 'StudentExaminationType #1', 1, false),
  (2, 'StudentExaminationType #2', 1, false);   
   
insert into 
  StudyProgrammeCategory (id, name, educationType, version, archived)
values 
  (1, 'StudyProgrammeCategory #1', 1, 1, false),
  (2, 'StudyProgrammeCategory #2', 2, 1, false);   
   
insert into 
  StudyProgramme (id, organization, code, name, category, version, hasEvaluationFees, archived)
values 
  (1, 1, 'TST1', 'StudyProgramme #1', 1, 1, false, false),
  (2, 1, 'TST2', 'StudyProgramme #2', 2, 1, false, false);     
   
insert into 
  StudentGroup (id, name, description, creator, lastModifier, beginDate, created, lastModified, version, archived, guidanceGroup, organization)
values 
  (1, 'StudentGroup #1', 'Group of students #1', 1, 1, PARSEDATETIME('1 1 2010', 'd M yyyy'), PARSEDATETIME('2 2 2010', 'd M yyyy'), PARSEDATETIME('3 3 2010', 'd M yyyy'), 1, false, false, 1),
  (2, 'StudentGroup #2', 'Group of students #2', 1, 1, PARSEDATETIME('4 4 2010', 'd M yyyy'), PARSEDATETIME('5 5 2010', 'd M yyyy'), PARSEDATETIME('6 6 2010', 'd M yyyy'), 1, false, false, 1),
  (3, 'StudentGroup #3', 'Group of students #3', 1, 1, PARSEDATETIME('4 4 2010', 'd M yyyy'), PARSEDATETIME('5 5 2012', 'd M yyyy'), PARSEDATETIME('6 6 2012', 'd M yyyy'), 1, false, false, 1);  
  
insert into
  StudentActivityType (id, name, version, archived)
values  
  (1, 'StudentActivityType #1', 1, false),
  (2, 'StudentActivityType #2', 1, false);
  
insert into 
  Student (id, studyProgramme, nickname, previousStudies, studyStartDate, 
    additionalInfo, activityType, educationalLevel, language, municipality, nationality, school, 
    examinationType, education)
values 
  (3, 1, 'Tanya-T', 0, PARSEDATETIME('1 1 2010', 'd M yyyy'), 'Testing #1', 1, 1, 1, 1, 1, 1, 1, 'Education #1'),
  (4, 1, 'David-T', 0, PARSEDATETIME('1 1 2010', 'd M yyyy'), 'Testing #2', 1, 1, 1, 1, 1, 1, 1, 'Education #2'),
  (8, 1, 'TEST-User', 0, PARSEDATETIME('1 1 2010', 'd M yyyy'), 'Test test', 1, 1, 1, 1, 1, 1, 1, 'Education smthg'),
  (13, 1, 'TEST-Student2', 0, PARSEDATETIME('1 1 2010', 'd M yyyy'), 'Test test', 1, 1, 1, 1, 1, 1, 1, 'Education smthg2');

insert into StudentGroupStudent
  (id, studentGroup, student, version)
values 
  (1, 1, 3, 1),
  (2, 1, 4, 1),
  (3, 3, 13, 1);

insert into StudentGroupUser
  (id, studentGroup, staffMember_id, version)
values 
  (1, 3, 10, 1);
  
insert into StudentStudyEndReason 
  (id, name, parentReason, version)
values 
  (1, 'StudentStudyEndReason #1', null, 1),
  (2, 'StudentStudyEndReason #2', 1, 1);
  
insert into 
  StudentContactLogEntry (id, creatorName, entryDate, text, type, student, version, archived)
values
  (1, 'Tester #1', PARSEDATETIME('1 1 2010', 'd M yyyy'), 'Test text #1', 'LETTER', 3, 1, false),
  (2, 'Tester #2', PARSEDATETIME('1 1 2011', 'd M yyyy'), 'Test text #2', 'PHONE', 3, 1, false);

insert into
   ClientApplication (id, clientName, clientId, clientSecret, skipPrompt)
values
    (1, 'Clientapp without prompt skipping', '854885cf-2284-4b17-b63c-a8b189535f8d', 'cqJ4J1if8ca5RMUqaYyFPYToxfFxt2YT8PXL3pNygPClnjJdt55lrFs6k1SZ6colJN24YEtZ7bhFW29S', false),
    (2, 'Clientapp with prompt skipping', 'a46d97f8-c37b-4bef-afe4-369a2481f632', 'n22FKq4WBSJxX91ekTnx4F7KdmcGsVsXL2XEplCfm9fYrNbGRyp7CpXiGiu4TaL25lceLchFatjCpSCU', true);
   
insert into
   ClientApplicationAuthorizationCode (id, authorizationCode, redirectUrl, user_id, app_id)
values
/**   
Old. Needed anymore?
**/
    (1, 'ff81d5b8500c773e7a1776a7963801e3', 'https://localhost:8443/oauth2ClientTest/success', 1, 1),
/** GUEST ROLE**/
    (2, 'ff81d5b8500c773e7a1776a7963801e4', 'https://localhost:8443/oauth2ClientTest/success', 2, 1),
/** USER ROLE**/    
    (3, 'ff81d5b8500c773e7a1776a7963801e5', 'https://localhost:8443/oauth2ClientTest/success', 5, 1),
/** MANAGER ROLE**/
    (4, 'ff81d5b8500c773e7a1776a7963801e6', 'https://localhost:8443/oauth2ClientTest/success', 6, 1),
/** ADMINISTRATOER ROLE**/
    (5, 'ff81d5b8500c773e7a1776a7963801e7', 'https://localhost:8443/oauth2ClientTest/success', 7, 1),
/** STUDENT ROLE**/
    (6, 'ff81d5b8500c773e7a1776a7963801e8', 'https://localhost:8443/oauth2ClientTest/success', 8, 1),
/** TRUSTED_SYSTEM ROLE**/
    (7, 'ff81d5b8500c773e7a1776a7963801e9', 'https://localhost:8443/oauth2ClientTest/success', 9, 1),
/** STUDY_GUIDER ROLE**/
    (8, 'ff81d5b8500c773e7a1776a7963801e0', 'https://localhost:8443/oauth2ClientTest/success', 10, 1),
/** TEACHER ROLE**/
    (9, 'ff81d5b8500c773e7a1776a7963801e1', 'https://localhost:8443/oauth2ClientTest/success', 11, 1),
/** STUDY_PROGRAMME_LEADER ROLE**/
    (10, 'ff81d5b8500c773e7a1776a7963801e2', 'https://localhost:8443/oauth2ClientTest/success', 12, 1),
/** CLOSED ROLE**/
    (11, 'ff81d5b8500c773e7a1776a796380166', 'https://localhost:8443/oauth2ClientTest/success', 14, 1);    
    
insert into CourseStaffMemberRole (id, name, version) values (1, 'Teacher', 1), (2, 'Tutor', 1);
    
insert into 
  CourseUser (id, course, version)
values 
  (1, 1000, 1),
  (2, 1000, 1),
  (3, 1000, 1),
  (4, 1000, 1),
  (5, 1000, 1),
  (6, 1000, 1),
  (7, 1001, 1);
  
insert into 
  CourseStaffMember (id, staffMember_id, role_id)
values 
  (1, 1, 1),
  (2, 2, 2),
  (3, 5, 1),
  (4, 6, 1);

insert into 
  CourseStudent (id, archived, enrolmentTime, lodging, optionality, billingDetails, enrolmentType, participationType, student)
values
  (5, false, PARSEDATETIME('1 1 2010', 'd M yyyy'), false, 'OPTIONAL', null, 1, 1, 3),
  (6, false, PARSEDATETIME('1 1 2011', 'd M yyyy'), true, 'MANDATORY', null, 2, 2, 4),
  (7, false, PARSEDATETIME('1 1 2012', 'd M yyyy'), true, 'MANDATORY', null, 2, 2, 13);

insert into
  Credit (id, archived, verbalAssessment, date, creditType, version, assessor_id, grade)
values
  (1, false, 'TEST ASSESSMENT', PARSEDATETIME('1 1 2011', 'd M yyyy'), 'CourseAssessment', 1, 6, 2);
  
insert into
  CourseAssessment (id, courseStudent)
values
  (1, 5);

insert into Defaults 
  (id, educationalTimeUnit, courseState, version, courseParticipationType, courseEnrolmentType, organization, studentDefaultContactType, userDefaultContactType)
values
  (1, 1, 1, 1, 1, 1, 1, 1, 1);
  
insert into hibernate_sequences (sequence_name, sequence_next_hi_value) select 'Person', max(id) + 1 from Person;
insert into hibernate_sequences (sequence_name, sequence_next_hi_value) select 'User', max(id) + 1 from User;
insert into hibernate_sequences (sequence_name, sequence_next_hi_value) select 'EducationType', max(id) + 1 from EducationType;
insert into hibernate_sequences (sequence_name, sequence_next_hi_value) select 'Subject', max(id) + 1 from Subject;
insert into hibernate_sequences (sequence_name, sequence_next_hi_value) select 'CourseState', max(id) + 1 from CourseState;
insert into hibernate_sequences (sequence_name, sequence_next_hi_value) select 'CourseType', max(id) + 1 from CourseType;
insert into hibernate_sequences (sequence_name, sequence_next_hi_value) select 'CourseEducationType', max(id) + 1 from CourseEducationType;
insert into hibernate_sequences (sequence_name, sequence_next_hi_value) select 'CourseEducationSubtype', max(id) + 1 from CourseEducationSubtype;
insert into hibernate_sequences (sequence_name, sequence_next_hi_value) select 'CourseEnrolmentType', max(id) + 1 from CourseEnrolmentType;
insert into hibernate_sequences (sequence_name, sequence_next_hi_value) select 'CourseParticipationType', max(id) + 1 from CourseParticipationType;
insert into hibernate_sequences (sequence_name, sequence_next_hi_value) select 'EducationalTimeUnit', max(id) + 1 from EducationalTimeUnit;
insert into hibernate_sequences (sequence_name, sequence_next_hi_value) select 'CourseBase', max(id) + 1 from CourseBase;
insert into hibernate_sequences (sequence_name, sequence_next_hi_value) select 'EducationalLength', max(id) + 1 from EducationalLength;
insert into hibernate_sequences (sequence_name, sequence_next_hi_value) select 'ComponentBase', max(id) + 1 from ComponentBase;
insert into hibernate_sequences (sequence_name, sequence_next_hi_value) select 'CourseDescriptionCategory', max(id) + 1 from CourseDescriptionCategory;
insert into hibernate_sequences (sequence_name, sequence_next_hi_value) select 'AcademicTerm', max(id) + 1 from AcademicTerm;
insert into hibernate_sequences (sequence_name, sequence_next_hi_value) select 'SettingKey', max(id) + 1 from SettingKey;
insert into hibernate_sequences (sequence_name, sequence_next_hi_value) select 'Setting', max(id) + 1 from Setting;
insert into hibernate_sequences (sequence_name, sequence_next_hi_value) select 'EducationSubtype', max(id) + 1 from EducationSubtype;
insert into hibernate_sequences (sequence_name, sequence_next_hi_value) select 'GradingScale', max(id) + 1 from GradingScale;
insert into hibernate_sequences (sequence_name, sequence_next_hi_value) select 'Grade', max(id) + 1 from Grade;
insert into hibernate_sequences (sequence_name, sequence_next_hi_value) select 'Project', max(id) + 1 from Project;
insert into hibernate_sequences (sequence_name, sequence_next_hi_value) select 'ProjectModule', max(id) + 1 from ProjectModule;
insert into hibernate_sequences (sequence_name, sequence_next_hi_value) select 'SchoolField', max(id) + 1 from SchoolField;
insert into hibernate_sequences (sequence_name, sequence_next_hi_value) select 'ContactInfo', max(id) + 1 from ContactInfo;
insert into hibernate_sequences (sequence_name, sequence_next_hi_value) select 'ContactType', max(id) + 1 from ContactType;
insert into hibernate_sequences (sequence_name, sequence_next_hi_value) select 'Address', max(id) + 1 from Address;
insert into hibernate_sequences (sequence_name, sequence_next_hi_value) select 'Email', max(id) + 1 from Email;
insert into hibernate_sequences (sequence_name, sequence_next_hi_value) select 'PhoneNumber', max(id) + 1 from PhoneNumber;
insert into hibernate_sequences (sequence_name, sequence_next_hi_value) select 'ContactURLType', max(id) + 1 from ContactURLType;
insert into hibernate_sequences (sequence_name, sequence_next_hi_value) select 'ContactURL', max(id) + 1 from ContactURL;
insert into hibernate_sequences (sequence_name, sequence_next_hi_value) select 'School', max(id) + 1 from School;
insert into hibernate_sequences (sequence_name, sequence_next_hi_value) select 'SchoolVariableKey', max(id) + 1 from SchoolVariableKey;
insert into hibernate_sequences (sequence_name, sequence_next_hi_value) select 'SchoolVariable', max(id) + 1 from SchoolVariable;
insert into hibernate_sequences (sequence_name, sequence_next_hi_value) select 'UserVariableKey', max(id) + 1 from UserVariableKey;
insert into hibernate_sequences (sequence_name, sequence_next_hi_value) select 'CourseBaseVariableKey', max(id) + 1 from CourseBaseVariableKey;
insert into hibernate_sequences (sequence_name, sequence_next_hi_value) select 'Language', max(id) + 1 from Language;
insert into hibernate_sequences (sequence_name, sequence_next_hi_value) select 'Municipality', max(id) + 1 from Municipality;
insert into hibernate_sequences (sequence_name, sequence_next_hi_value) select 'Nationality', max(id) + 1 from Nationality;
insert into hibernate_sequences (sequence_name, sequence_next_hi_value) select 'StudentActivityType', max(id) + 1 from StudentActivityType;
insert into hibernate_sequences (sequence_name, sequence_next_hi_value) select 'StudentEducationalLevel', max(id) + 1 from StudentEducationalLevel;
insert into hibernate_sequences (sequence_name, sequence_next_hi_value) select 'StudentExaminationType', max(id) + 1 from StudentExaminationType;
insert into hibernate_sequences (sequence_name, sequence_next_hi_value) select 'StudyProgrammeCategory', max(id) + 1 from StudyProgrammeCategory;
insert into hibernate_sequences (sequence_name, sequence_next_hi_value) select 'StudyProgramme', max(id) + 1 from StudyProgramme;
insert into hibernate_sequences (sequence_name, sequence_next_hi_value) select 'StudentGroup', max(id) + 1 from StudentGroup;
insert into hibernate_sequences (sequence_name, sequence_next_hi_value) select 'StudentGroupStudent', max(id) + 1 from StudentGroupStudent;
insert into hibernate_sequences (sequence_name, sequence_next_hi_value) select 'Student', max(id) + 1 from Student;
insert into hibernate_sequences (sequence_name, sequence_next_hi_value) select 'StudentStudyEndReason', max(id) + 1 from StudentStudyEndReason;
insert into hibernate_sequences (sequence_name, sequence_next_hi_value) select 'StudentContactLogEntry', max(id) + 1 from StudentContactLogEntry;
insert into hibernate_sequences (sequence_name, sequence_next_hi_value) select 'ClientApplication', max(id) + 1 from ClientApplication;
insert into hibernate_sequences (sequence_name, sequence_next_hi_value) select 'ClientApplicationAuthorizationCode', max(id) + 1 from ClientApplicationAuthorizationCode;
insert into hibernate_sequences (sequence_name, sequence_next_hi_value) select 'CourseStaffMemberRole', max(id) + 1 from CourseStaffMemberRole;
insert into hibernate_sequences (sequence_name, sequence_next_hi_value) select 'CourseUser', max(id) + 1 from CourseUser;
insert into hibernate_sequences (sequence_name, sequence_next_hi_value) select 'Credit', max(id) + 1 from Credit;
insert into hibernate_sequences (sequence_name, sequence_next_hi_value) select 'CourseAssessment', max(id) + 1 from CourseAssessment;
insert into hibernate_sequences (sequence_name, sequence_next_hi_value) select 'CourseStudent', max(id) + 1 from CourseStudent;
insert into hibernate_sequences (sequence_name, sequence_next_hi_value) select 'Curriculum', max(id) + 1 from Curriculum;
